<?xml version="1.0" encoding="utf-8"?>
<extension type="module" version="3.4.1" client="site" method="upgrade">
    <name>Drop Menu Featured Recipes</name>
    <author>Xander@OGOSense</author>
    <version>3.4.0</version>
    <description>Displays random featured recipes in drop down menu</description>
    <files>
        <filename>mod_dropmenurecipes.xml</filename>
        <filename module="mod_dropmenurecipes">mod_dropmenurecipes.php</filename>
        <filename>index.html</filename>
        <filename>helper.php</filename>
        <filename>tmpl/default.php</filename>
        <filename>tmpl/index.html</filename>
    </files>
    <config>
    </config>
</extension>